Author, Title, Link, Time 
Caleb Olojo, How to Build a Table of Contents Component for Your Blog, /news/how-to-build-a-table-of-contents-component/, 10 days ago 
Sampurna Chapagain, How to Add Categories to a Ruby on Rails Application, /news/how-to-add-categories-to-ruby-on-rails-apps/, 12 days ago 
Rajdeep Singh, How to Build a Custom Ghost CMS Theme, /news/how-to-build-a-ghost-cms-theme/, 2 months ago 
Rajdeep Singh, How to Create a Static Markdown Blog with Deno and Deploy It, /news/how-to-create-a-blog-with-deno/, 6 months ago 
Rakesh Potnuru, How to Use GitHub Discussions as Your Blog's Chat System, /news/github-discussions-as-chat-system/, 10 months ago 
Caleb Olojo, How to Build Your Own Blog with Next.js and MDX, /news/how-to-build-your-own-blog-with-next-js-and-mdx/, a year ago 
Edan Ben-Atar, How to Choose a CMS – WordPress vs Ghost vs Shopify, /news/chose-a-cms-wordpress-vs-shopify-vs-ghost/, a year ago 
Flavio Copes, How to Start a Blog [Free 70-Page Book], /news/how-to-start-a-blog-book/, a year ago 
TAPAS ADHIKARY, Technical Blogging Basics – How to Write Articles as a Developer, /news/technical-blogging-basics/, 2 years ago 
David Good, Gatsby Starter Blog: How to Add Header Images to Posts with Support for Twitter Cards, /news/gatsby-blog-header-image-twitter-card/, 2 years ago 
Jim Campbell, How to Start a Blog for Free with WordPress – Tutorial for Beginners, /news/how-to-start-a-blog-with-wordpress/, 2 years ago 
Mohammed Asker, How to Build a Blog with Gatsby and Netlify CMS – A Complete Guide, /news/how-to-build-a-blog-with-gatsby-and-netlify-cms/, 2 years ago 
Colby Fayock, How to Grow Your Audience and Share Your Content with the World, /news/how-to-grow-your-audience-and-share-your-content-with-the-world/, 3 years ago 
Colby Fayock, How to Overcome Your Fear of Writing and Find Motivation to Start, /news/overcoming-your-fear-of-writing-and-how-you-can-find-motivation/, 3 years ago 
Alexander Arobelidze, How To Embed Multiple Choice Quiz Questions into Your Article, /news/multiple-choice-quiz-template/, 3 years ago 
Colby Fayock, How to Add a Table of Contents to Your Blog Post or Article, /news/how-to-add-a-table-of-contents-to-your-blog-post-or-article/, 3 years ago 
Flavio Copes, How to Create Your First Hugo Blog: a Practical Guide, /news/your-first-hugo-blog-a-practical-guide/, 3 years ago 
Jared Wolff, Brilliant Add-on For Static Sites That Will Make You Dance, /news/how-to-setup-worry-free-blog-comments-in-20-simple-steps/, 4 years ago 
Dane Stevens, How to Automatically Cross-post from Your GatsbyJS Blog with RSS, /news/how-to-automatically-cross-post-from-your-gatsbyjs-blog-with-rss/, 4 years ago 
Scott Spence, Convert the Gatsby default starter blog to use MDX, /news/convert-the-gatsby-default-starter-blog-to-use-mdx/, 4 years ago 
, How to use Gatsby to create your blog and work on it from your phone, /news/how-to-write-a-blog-using-gatsby-from-your-phone-e92a99851a04/,  
Flavio Copes, Every developer should have a blog. Here’s why, and how to stick with it., /news/every-developer-should-have-a-blog-heres-why-and-how-to-stick-with-it-5fd55a247fbf/, 5 years ago 
Sam Williams, Get a blog on your website with React and WordPress API, /news/get-a-blog-on-your-website-with-react-and-wordpress-api-c63ff81b388e/, 5 years ago 
